{"cameraMode":{"drawMode":0,"name":"Shaded","section":"Shading Mode"},"sceneLighting":true,"audioPlay":false,"sceneViewState":{"showFog":true,"showMaterialUpdate":false,"showSkybox":true,"showFlares":true,"showImageEffects":true,"showParticleSystems":true},"in2DMode":false,"pivot":{"x":2.2320690155029299,"y":0.5337498188018799,"z":0.7296576499938965},"rotation":{"x":0.129914790391922,"y":0.49170416593551638,"z":-0.07446923851966858,"w":0.8577936291694641},"size":7.190217018127441,"orthographic":false}