{"cameraMode":{"drawMode":0,"name":"Shaded","section":"Shading Mode"},"sceneLighting":true,"audioPlay":false,"sceneViewState":{"showFog":true,"showMaterialUpdate":false,"showSkybox":false,"showFlares":true,"showImageEffects":true,"showParticleSystems":true},"in2DMode":false,"pivot":{"x":21.551937103271486,"y":-20.662307739257814,"z":38.29448699951172},"rotation":{"x":-0.2721449136734009,"y":-0.4562530517578125,"z":0.1487395167350769,"w":-0.834162712097168},"size":31.901792526245118,"orthographic":false}