{"cameraMode":{"drawMode":0,"name":"Shaded","section":"Shading Mode"},"sceneLighting":true,"audioPlay":false,"sceneViewState":{"showFog":true,"showMaterialUpdate":false,"showSkybox":false,"showFlares":true,"showImageEffects":true,"showParticleSystems":true},"in2DMode":false,"pivot":{"x":-2.31903076171875,"y":-11.205483436584473,"z":-10.326847076416016},"rotation":{"x":-0.11165584623813629,"y":-0.6253010034561157,"z":0.09066542983055115,"w":-0.7671990394592285},"size":1.877730131149292,"orthographic":false}