{"cameraMode":{"drawMode":0,"name":"Shaded","section":"Shading Mode"},"sceneLighting":true,"audioPlay":false,"sceneViewState":{"showFog":true,"showMaterialUpdate":false,"showSkybox":false,"showFlares":true,"showImageEffects":true,"showParticleSystems":true},"in2DMode":false,"pivot":{"x":1.4007823467254639,"y":0.13120414316654206,"z":0.17458844184875489},"rotation":{"x":-0.26838818192481997,"y":0.4491451382637024,"z":-0.14370881021022798,"w":-0.8401424884796143},"size":1.877730131149292,"orthographic":false}