{"cameraMode":{"drawMode":0,"name":"Shaded","section":"Shading Mode"},"sceneLighting":true,"audioPlay":false,"sceneViewState":{"showFog":true,"showMaterialUpdate":false,"showSkybox":false,"showFlares":true,"showImageEffects":true,"showParticleSystems":true},"in2DMode":false,"pivot":{"x":-10.198831558227539,"y":-10.402398109436036,"z":69.87843322753906},"rotation":{"x":-0.14665403962135316,"y":0.04202545806765556,"z":-0.006435140036046505,"w":-0.9883922934532166},"size":30.466211318969728,"orthographic":false}