{"cameraMode":{"drawMode":0,"name":"Shaded","section":"Shading Mode"},"sceneLighting":true,"audioPlay":false,"sceneViewState":{"showFog":true,"showMaterialUpdate":false,"showSkybox":false,"showFlares":true,"showImageEffects":true,"showParticleSystems":true},"in2DMode":false,"pivot":{"x":-7.401487827301025,"y":4.034695625305176,"z":8.698504447937012},"rotation":{"x":-0.22175244987010957,"y":-0.04488697275519371,"z":0.009981789626181126,"w":-0.9741560220718384},"size":1.877730131149292,"orthographic":false}