{"cameraMode":{"drawMode":0,"name":"Shaded","section":"Shading Mode"},"sceneLighting":true,"audioPlay":false,"sceneViewState":{"showFog":true,"showMaterialUpdate":false,"showSkybox":false,"showFlares":true,"showImageEffects":true,"showParticleSystems":true},"in2DMode":false,"pivot":{"x":3.9443600177764894,"y":-11.927221298217774,"z":62.17565155029297},"rotation":{"x":-0.18518896400928498,"y":0.025567933917045594,"z":-0.004851466976106167,"w":-0.9824566841125488},"size":31.901792526245118,"orthographic":false}