{"cameraMode":{"drawMode":0,"name":"Shaded","section":"Shading Mode"},"sceneLighting":true,"audioPlay":false,"sceneViewState":{"showFog":true,"showMaterialUpdate":false,"showSkybox":false,"showFlares":true,"showImageEffects":true,"showParticleSystems":true},"in2DMode":false,"pivot":{"x":-7.738146781921387,"y":2.7684707641601564,"z":7.925448417663574},"rotation":{"x":-0.3299882113933563,"y":-0.01944652944803238,"z":0.006473264191299677,"w":-0.9439048767089844},"size":4.2777299880981449,"orthographic":false}