{"cameraMode":{"drawMode":0,"name":"Shaded","section":"Shading Mode"},"sceneLighting":true,"audioPlay":false,"sceneViewState":{"showFog":true,"showMaterialUpdate":false,"showSkybox":false,"showFlares":true,"showImageEffects":true,"showParticleSystems":true},"in2DMode":false,"pivot":{"x":-0.8601266145706177,"y":-0.47310590744018557,"z":-1.9969253540039063},"rotation":{"x":-0.04486196115612984,"y":0.9442272186279297,"z":-0.2924332022666931,"w":-0.14545273780822755},"size":1.877730131149292,"orthographic":false}